generation,GD,IGD,HV,problem
1,0.6575221865721393,0.7231906013803635,0.0,dtlz4
2,0.11430824490510208,0.6139013694256393,0.10887612455591182,dtlz4
3,0.07722016013624149,0.5705298006469904,0.2739488115997442,dtlz4
4,0.056813884618464774,0.5584458975869903,0.3302293735803112,dtlz4
5,0.05397854974604708,0.5470489985276729,0.3766011562558067,dtlz4
6,0.03766369647950102,0.5419184864464225,0.40188772174130405,dtlz4
7,0.03511211516169414,0.539307174868052,0.4132757583078243,dtlz4
8,0.02948373986468991,0.5367383963471638,0.42831538437768407,dtlz4
9,0.02601934833669924,0.5353942024672433,0.4295657935579288,dtlz4
10,0.023861498536407986,0.5338731534808464,0.4353219674330712,dtlz4
11,0.025138801368577112,0.532788776117921,0.44369707291171534,dtlz4
12,0.02530543489009895,0.5326221994494932,0.44445726904156424,dtlz4
13,0.024270150722009113,0.5324677991571692,0.44574267610495977,dtlz4
14,0.02384117438500083,0.531895241041202,0.44754096751899003,dtlz4
15,0.023754153013329646,0.5308475303499097,0.4473694726887155,dtlz4
16,0.024984159765394465,0.5230442023982681,0.4463470644156417,dtlz4
17,0.03522341935226783,0.19233878591283693,0.5900964139388319,dtlz4
18,0.040215208471986404,0.13017134904056316,0.6486782411674681,dtlz4
19,0.04307496401556241,0.09388236922578136,0.6798986558031579,dtlz4
20,0.04484365597105302,0.07704562160586435,0.7014635572664495,dtlz4
21,0.04655564965811177,0.06720781587447452,0.706994814471236,dtlz4
22,0.04436329837463413,0.0575518498011508,0.7164954082381683,dtlz4
23,0.04325888309690422,0.052080106030402695,0.7208322126523313,dtlz4
24,0.042337436805154956,0.050135673465134964,0.7219559913175472,dtlz4
25,0.04117667543685181,0.04565480092571333,0.7231436190610108,dtlz4
26,0.040178384303404674,0.04400386112179097,0.7234457223159255,dtlz4
27,0.03837417379364113,0.040798501513020745,0.7240081006870779,dtlz4
28,0.03696047336351637,0.03912405696562547,0.7246847765112652,dtlz4
29,0.036332377373184524,0.03760218927809517,0.7244302209341684,dtlz4
30,0.03495523916725947,0.03616958079535725,0.7252785146845413,dtlz4
31,0.0348037095551087,0.036018051183206494,0.7245268355101887,dtlz4
32,0.03203662814405828,0.03281389983628741,0.7278779558024825,dtlz4
33,0.03082329151585169,0.03148133266305742,0.7284599429434307,dtlz4
34,0.029576218370713992,0.030234550038818912,0.7293846200603598,dtlz4
35,0.02851472348976455,0.029154075355034045,0.7298259311962723,dtlz4
36,0.027932808326989824,0.02857216019225932,0.729844107830571,dtlz4
37,0.027362388165810977,0.028001740031080472,0.7307985396576445,dtlz4
38,0.027008116679287746,0.02764746854455723,0.7306277627486096,dtlz4
39,0.0257778546424893,0.02637924462380476,0.7312578407060175,dtlz4
40,0.025281532992845596,0.02587071215104523,0.7316988205582609,dtlz4
41,0.02418356963381873,0.02477274879201835,0.7318295384409832,dtlz4
42,0.023146096451186055,0.023704928610795255,0.7322365519075559,dtlz4
43,0.022071770186889852,0.022630602346499048,0.7322332477555338,dtlz4
44,0.021412046492248704,0.021970878651857904,0.7323099577664368,dtlz4
45,0.020892796972096422,0.02125849225345105,0.732449713886995,dtlz4
46,0.020343170455930745,0.020639154205617398,0.7323074085270673,dtlz4
47,0.019588895666742698,0.019913615910121443,0.732688505615291,dtlz4
48,0.0190855772459185,0.01924977236791676,0.7332937742286548,dtlz4
49,0.01846219018579895,0.018626566106632336,0.7338827813105138,dtlz4
50,0.017693929567012316,0.0178583054878457,0.7343272949390263,dtlz4
51,0.01733779266897502,0.01733779266897502,0.7347798138596253,dtlz4
52,0.016789752016951483,0.016789752016951483,0.7347592896752779,dtlz4
53,0.016276854868258233,0.016276854868258233,0.7351979311984698,dtlz4
54,0.015791426508920788,0.015791426508920788,0.7352093000716158,dtlz4
55,0.015039165861034626,0.015039165861034626,0.7354164043064394,dtlz4
56,0.014826641300749734,0.014826641300749734,0.7360673442775474,dtlz4
57,0.01449736988590167,0.01449736988590167,0.7363216553608488,dtlz4
58,0.014255906644525118,0.014255906644525118,0.7364123510361196,dtlz4
59,0.013554205342210822,0.013554205342210822,0.7373351906276023,dtlz4
60,0.012697177965361493,0.012697177965361493,0.7375652458725501,dtlz4
61,0.012594007058872696,0.012594007058872696,0.7376166347524424,dtlz4
62,0.012465144099150945,0.012465144099150945,0.7371914154572281,dtlz4
63,0.01187542476716741,0.01187542476716741,0.7381026812395688,dtlz4
64,0.01167405880135615,0.01167405880135615,0.738050661268462,dtlz4
65,0.011609400888780232,0.011609400888780232,0.7380179703969658,dtlz4
66,0.011397454905620429,0.011397454905620429,0.738524800546675,dtlz4
67,0.010982007448258401,0.010982007448258401,0.7392911217819208,dtlz4
68,0.010672405962609615,0.010672405962609615,0.7391246601174288,dtlz4
69,0.01038049777040089,0.01038049777040089,0.7392259452645288,dtlz4
70,0.010340871343602152,0.010340871343602152,0.738799042835331,dtlz4
71,0.009805517316732772,0.009805517316732772,0.7390696989841312,dtlz4
72,0.009679920691920871,0.009679920691920871,0.7393784944864847,dtlz4
73,0.009469405033221908,0.009469405033221908,0.7396596838151476,dtlz4
74,0.009046865626271798,0.009046865626271798,0.7400310637814896,dtlz4
75,0.008872421274740382,0.008872421274740382,0.7401870598129068,dtlz4
76,0.008505874805706134,0.008505874805706134,0.7399023979643622,dtlz4
77,0.008538764796770662,0.008538764796770662,0.7394924626337941,dtlz4
78,0.008318114334394201,0.008318114334394201,0.7398308309399533,dtlz4
79,0.00796264157833673,0.00796264157833673,0.7400658510209329,dtlz4
80,0.007837832489326535,0.007837832489326535,0.740313894381289,dtlz4
81,0.007657762527044208,0.007657762527044208,0.7404022451497598,dtlz4
82,0.007525820636589197,0.007525820636589197,0.7403062862132589,dtlz4
83,0.0078011810931440375,0.0078011810931440375,0.7405685079668043,dtlz4
84,0.007693543262136898,0.007693543262136898,0.7407535793791622,dtlz4
85,0.0075379598434792494,0.0075379598434792494,0.7408828521757462,dtlz4
86,0.007443777333087599,0.007443777333087599,0.7409707354639984,dtlz4
87,0.00736845334792658,0.00736845334792658,0.7410110030850702,dtlz4
88,0.007151644728306407,0.007151644728306407,0.7410627289812768,dtlz4
89,0.007062675545578337,0.007062675545578337,0.7411004240771452,dtlz4
90,0.006896582798377352,0.006896582798377352,0.7412583594836374,dtlz4
91,0.006648624466642343,0.006648624466642343,0.74153066348247,dtlz4
92,0.005898741628937326,0.005898741628937326,0.7414156285742766,dtlz4
93,0.005807397705656296,0.005807397705656296,0.7414644244273463,dtlz4
94,0.00592597846419681,0.00592597846419681,0.7409752422587699,dtlz4
95,0.005381297361243013,0.005381297361243013,0.7420011450992188,dtlz4
96,0.005246565662347701,0.005246565662347701,0.7419693402141562,dtlz4
97,0.004409777621958584,0.004409777621958584,0.74197077510039,dtlz4
98,0.004395191350136351,0.004395191350136351,0.7417830745156225,dtlz4
99,0.004314656276877492,0.004314656276877492,0.7419005906402871,dtlz4
100,0.004151849414686643,0.004151849414686643,0.7423012495183302,dtlz4
101,0.004029407251377298,0.004029407251377298,0.742342563597985,dtlz4
102,0.003991231521623401,0.003991231521623401,0.7423551319349838,dtlz4
103,0.0038318150105550986,0.0038318150105550986,0.7424334174644357,dtlz4
104,0.0039650166260662804,0.0039650166260662804,0.7420155253518181,dtlz4
105,0.00389526026205102,0.00389526026205102,0.7419556152863717,dtlz4
106,0.003924527108319721,0.003924527108319721,0.7418418965252654,dtlz4
107,0.0036212394020453537,0.0036212394020453537,0.741973365920957,dtlz4
108,0.003459501549057964,0.003459501549057964,0.7420245004412532,dtlz4
109,0.003414340985408593,0.003414340985408593,0.7419682200171565,dtlz4
110,0.0033732542998744885,0.0033732542998744885,0.74189391791386,dtlz4
111,0.003359263777357237,0.003359263777357237,0.741954842728157,dtlz4
112,0.003149068927177368,0.003149068927177368,0.7424346304784257,dtlz4
113,0.003148426559217224,0.003148426559217224,0.7424253190358453,dtlz4
114,0.003065066145777061,0.003065066145777061,0.7426033440065871,dtlz4
115,0.0030207701396025542,0.0030207701396025542,0.742664205242483,dtlz4
116,0.0030647606273063797,0.0030647606273063797,0.7423967355352116,dtlz4
117,0.0030457823960030935,0.0030457823960030935,0.7423985209201734,dtlz4
118,0.0028270486398345755,0.0028270486398345755,0.7424777988024077,dtlz4
119,0.0027471358874387396,0.0027471358874387396,0.7425215397906788,dtlz4
120,0.0026958276089812517,0.0026958276089812517,0.7426200022444066,dtlz4
121,0.00263540532153206,0.00263540532153206,0.7427201110586106,dtlz4
122,0.002602495330377167,0.002602495330377167,0.7426795876165528,dtlz4
123,0.002534393587485595,0.002534393587485595,0.7427140020512841,dtlz4
124,0.0025425782845842175,0.0025425782845842175,0.7426418157765643,dtlz4
125,0.0025353840210600195,0.0025353840210600195,0.7426281861621813,dtlz4
126,0.002506134447140057,0.002506134447140057,0.7426703498922581,dtlz4
127,0.0024819846675861053,0.0024819846675861053,0.742749651104272,dtlz4
128,0.0024513162171510604,0.0024513162171510604,0.7427365183621413,dtlz4
129,0.0024584909101239617,0.0024584909101239617,0.7427360808392901,dtlz4
130,0.002457163753442274,0.002457163753442274,0.7426586713937094,dtlz4
131,0.0024029794425311926,0.0024029794425311926,0.7426774405585229,dtlz4
132,0.002131892304248069,0.002131892304248069,0.7431251944211164,dtlz4
133,0.002110083367171377,0.002110083367171377,0.7431355432787171,dtlz4
134,0.0021339462778451183,0.0021339462778451183,0.743052366982623,dtlz4
135,0.0021190868090417143,0.0021190868090417143,0.7430842111365488,dtlz4
136,0.0021067269770518376,0.0021067269770518376,0.7430802737112565,dtlz4
137,0.002096183067807674,0.002096183067807674,0.7430826686488715,dtlz4
138,0.002065331143388847,0.002065331143388847,0.7431116138524927,dtlz4
139,0.0020000466285164014,0.0020000466285164014,0.7432415981616989,dtlz4
140,0.0019283079083976821,0.0019283079083976821,0.7433008528616456,dtlz4
141,0.0019132438503834132,0.0019132438503834132,0.7433323376125247,dtlz4
142,0.0018788379663937055,0.0018788379663937055,0.7433381567506012,dtlz4
143,0.0018169396464412205,0.0018169396464412205,0.7433924833036636,dtlz4
144,0.0016349975822256555,0.0016349975822256555,0.7436206723416268,dtlz4
145,0.0016211091188823195,0.0016211091188823195,0.7436619776054564,dtlz4
146,0.001615066794723463,0.001615066794723463,0.7436792950214471,dtlz4
147,0.0015945413775912164,0.0015945413775912164,0.7437100830157425,dtlz4
148,0.001580539696772078,0.001580539696772078,0.7437298507668811,dtlz4
149,0.0015791836774193713,0.0015791836774193713,0.7437337618013674,dtlz4
150,0.0015016444115009198,0.0015016444115009198,0.7437718118515495,dtlz4
151,0.0014994884130601043,0.0014994884130601043,0.7437934300301758,dtlz4
152,0.0014913298230026066,0.0014913298230026066,0.7438161094838149,dtlz4
153,0.0013822197605221813,0.0013822197605221813,0.7438858398130895,dtlz4
154,0.001347666435229652,0.001347666435229652,0.7438550717800136,dtlz4
155,0.001310591616487011,0.001310591616487011,0.7439096961155489,dtlz4
156,0.0012958832751377633,0.0012958832751377633,0.7439390976274544,dtlz4
157,0.0012851834202967166,0.0012851834202967166,0.7439703916156153,dtlz4
158,0.0011932763928314723,0.0011932763928314723,0.743991924519092,dtlz4
159,0.001190636456373468,0.001190636456373468,0.7440159113866295,dtlz4
160,0.0011843261766845145,0.0011843261766845145,0.7440070318758177,dtlz4
161,0.0011606122506260896,0.0011606122506260896,0.7440550197211704,dtlz4
162,0.0011494924047767165,0.0011494924047767165,0.744085360924372,dtlz4
163,0.001125640294330837,0.001125640294330837,0.7441095184767537,dtlz4
164,0.0011224349394818433,0.0011224349394818433,0.7441105529154664,dtlz4
165,0.001098561528068773,0.001098561528068773,0.7441185675965404,dtlz4
166,0.0010926847392854762,0.0010926847392854762,0.7441168440203977,dtlz4
167,0.0010931877435594374,0.0010931877435594374,0.7440441924432714,dtlz4
168,0.0010663363802036043,0.0010663363802036043,0.7440995195024661,dtlz4
169,0.0010613159875434988,0.0010613159875434988,0.7441125197505982,dtlz4
170,0.001055524306653621,0.001055524306653621,0.7441305521799588,dtlz4
171,0.0010522877543649156,0.0010522877543649156,0.7441382949102086,dtlz4
172,0.001049322789919593,0.001049322789919593,0.7441473976151456,dtlz4
173,0.0010447617002681165,0.0010447617002681165,0.7441586856639573,dtlz4
174,0.0010351621177737897,0.0010351621177737897,0.7441689751277728,dtlz4
175,0.001027147110231967,0.001027147110231967,0.7441750057445057,dtlz4
176,0.001026785967874812,0.001026785967874812,0.7441869152594088,dtlz4
177,0.0010154086320365366,0.0010154086320365366,0.7441957200419629,dtlz4
178,0.0010048452939361706,0.0010048452939361706,0.744209246068832,dtlz4
179,0.0010045698579109472,0.0010045698579109472,0.7442068287975834,dtlz4
180,0.0009873261734963778,0.0009873261734963778,0.7442346390104019,dtlz4
181,0.0009815058524680134,0.0009815058524680134,0.7442420169599551,dtlz4
182,0.0009550836100385666,0.0009550836100385666,0.7442429628190294,dtlz4
183,0.000942517684414512,0.000942517684414512,0.744204699667251,dtlz4
184,0.0009405193670701386,0.0009405193670701386,0.7442083105602335,dtlz4
185,0.0009325884520562834,0.0009325884520562834,0.7441865898947628,dtlz4
186,0.0009211869202831982,0.0009211869202831982,0.7441976786016472,dtlz4
187,0.0009093343673715499,0.0009093343673715499,0.7442291190891327,dtlz4
188,0.0008860391729132374,0.0008860391729132374,0.7442790739913668,dtlz4
189,0.0008752442198798178,0.0008752442198798178,0.7442620511446224,dtlz4
190,0.0008720978747364266,0.0008720978747364266,0.7442658398930497,dtlz4
191,0.0008694563718830521,0.0008694563718830521,0.7442607687867738,dtlz4
192,0.0008515109995894464,0.0008515109995894464,0.7442842906939877,dtlz4
193,0.0008362606151560453,0.0008362606151560453,0.7442951821969055,dtlz4
194,0.0008267218046347563,0.0008267218046347563,0.744304585690716,dtlz4
195,0.0008291640723723634,0.0008291640723723634,0.7442756729350707,dtlz4
196,0.0008232811546477882,0.0008232811546477882,0.7442964227791153,dtlz4
197,0.0008026177129346574,0.0008026177129346574,0.7443388985200434,dtlz4
198,0.0007989184831491829,0.0007989184831491829,0.7443367123024188,dtlz4
199,0.0007976646867116528,0.0007976646867116528,0.7443420737009102,dtlz4
200,0.0007945236260268276,0.0007945236260268276,0.7443500171401868,dtlz4
201,0.0007887950615292467,0.0007887950615292467,0.7443634557971386,dtlz4
202,0.0007754351529335465,0.0007754351529335465,0.7443835243586486,dtlz4
203,0.0007749320817902301,0.0007749320817902301,0.7443849679441843,dtlz4
204,0.0007737505253048926,0.0007737505253048926,0.7443884418093959,dtlz4
205,0.000769925118498318,0.000769925118498318,0.7443962359143281,dtlz4
206,0.000761261172028154,0.000761261172028154,0.744393231484974,dtlz4
207,0.0007611318543270477,0.0007611318543270477,0.7443940146819639,dtlz4
208,0.0007265117527900355,0.0007265117527900355,0.7443887061176785,dtlz4
209,0.000724306345567052,0.000724306345567052,0.7444025283362881,dtlz4
210,0.0007237092689490574,0.0007237092689490574,0.7444001509719987,dtlz4
211,0.0007218959990524352,0.0007218959990524352,0.7444058928277173,dtlz4
212,0.0007107800455236651,0.0007107800455236651,0.744416650317379,dtlz4
213,0.0007107614479011812,0.0007107614479011812,0.7444171573212246,dtlz4
214,0.0007080639617293537,0.0007080639617293537,0.7444219874927422,dtlz4
215,0.0006976927833630947,0.0006976927833630947,0.7444508421678789,dtlz4
216,0.0006944422103203589,0.0006944422103203589,0.744402534180759,dtlz4
217,0.0006616783083113373,0.0006616783083113373,0.7444516726480226,dtlz4
218,0.0006552346351590144,0.0006552346351590144,0.7444597246435434,dtlz4
219,0.000644484398002599,0.000644484398002599,0.7444862787793582,dtlz4
220,0.00061761462173446,0.00061761462173446,0.7444803104056876,dtlz4
221,0.0006120162724403683,0.0006120162724403683,0.7444801107294248,dtlz4
222,0.0005933137530867061,0.0005933137530867061,0.7444902535214823,dtlz4
223,0.0005931397856843724,0.0005931397856843724,0.744490665942054,dtlz4
224,0.0005899640629884457,0.0005899640629884457,0.7444956241581555,dtlz4
225,0.0005895151691258959,0.0005895151691258959,0.744499717699899,dtlz4
226,0.0005864893059656602,0.0005864893059656602,0.744510171622517,dtlz4
227,0.0005863686866835455,0.0005863686866835455,0.7445107469647543,dtlz4
228,0.0005852746306879297,0.0005852746306879297,0.7445172464857981,dtlz4
229,0.0005653128424337715,0.0005653128424337715,0.7445253923642772,dtlz4
230,0.0005605853643322373,0.0005605853643322373,0.7445160979748382,dtlz4
231,0.0005597501883539424,0.0005597501883539424,0.7445175630995672,dtlz4
232,0.0005597124945711309,0.0005597124945711309,0.7445179625378716,dtlz4
233,0.0005360983434207864,0.0005360983434207864,0.7445663243807906,dtlz4
234,0.0005359874604167535,0.0005359874604167535,0.7445666048453315,dtlz4
235,0.0005344763608568855,0.0005344763608568855,0.7445749077242826,dtlz4
236,0.0005221021939446897,0.0005221021939446897,0.7445654258129146,dtlz4
237,0.0005177334895587171,0.0005177334895587171,0.7445770689882915,dtlz4
238,0.0005170341044926198,0.0005170341044926198,0.7445796647803389,dtlz4
239,0.0005043174200823243,0.0005043174200823243,0.7445857727700568,dtlz4
240,0.0004897825606721584,0.0004897825606721584,0.744634530448955,dtlz4
241,0.0004884421911859149,0.0004884421911859149,0.7446377694220159,dtlz4
242,0.00047155721179226943,0.00047155721179226943,0.7446494009946805,dtlz4
243,0.00047068847128807495,0.00047068847128807495,0.7446518036939169,dtlz4
244,0.00045499313789560336,0.00045499313789560336,0.7446584002133486,dtlz4
245,0.00045436327482901285,0.00045436327482901285,0.7446594925411718,dtlz4
246,0.0004494868863178261,0.0004494868863178261,0.7446205844839744,dtlz4
247,0.00044917339071328267,0.00044917339071328267,0.7446222964154663,dtlz4
248,0.00044881947928241057,0.00044881947928241057,0.7446234853886167,dtlz4
249,0.0004526020973189188,0.0004526020973189188,0.7446090624612689,dtlz4
250,0.0004525840776117326,0.0004525840776117326,0.7446094014802226,dtlz4
251,0.00044758916884928994,0.00044758916884928994,0.7446076290630802,dtlz4
252,0.0004390488989729911,0.0004390488989729911,0.7446222250080714,dtlz4
253,0.0004294132985116299,0.0004294132985116299,0.744633778321941,dtlz4
254,0.00042475090784999526,0.00042475090784999526,0.7446392486482677,dtlz4
255,0.00041837423432606956,0.00041837423432606956,0.7446489372673246,dtlz4
256,0.0004180812127099929,0.0004180812127099929,0.7446506752447399,dtlz4
257,0.00041389102046204037,0.00041389102046204037,0.7446534961541436,dtlz4
258,0.0004019020056560462,0.0004019020056560462,0.7446950952295286,dtlz4
259,0.0004018014591889142,0.0004018014591889142,0.7446962915498873,dtlz4
260,0.00042024381054789513,0.00042024381054789513,0.7446331479846783,dtlz4
261,0.0004197040064749815,0.0004197040064749815,0.7446347236062723,dtlz4
262,0.00041903169879210046,0.00041903169879210046,0.744634881703403,dtlz4
263,0.0004122964561275868,0.0004122964561275868,0.7446392696645266,dtlz4
264,0.00041005168049572453,0.00041005168049572453,0.7446334929320103,dtlz4
265,0.00040865045955199345,0.00040865045955199345,0.7446339241486644,dtlz4
266,0.00040484684292192854,0.00040484684292192854,0.7446414591988882,dtlz4
267,0.00040459957281415706,0.00040459957281415706,0.7446434046213298,dtlz4
268,0.00039901600997926836,0.00039901600997926836,0.7446456082093003,dtlz4
269,0.0003989967828587904,0.0003989967828587904,0.7446460148754014,dtlz4
270,0.00041002533884155795,0.00041002533884155795,0.7446279360978894,dtlz4
271,0.00040813279506109017,0.00040813279506109017,0.7446297486954163,dtlz4
272,0.00040665968267683214,0.00040665968267683214,0.744629253085402,dtlz4
273,0.00039948034847471275,0.00039948034847471275,0.7446337457636564,dtlz4
274,0.00039231354569719575,0.00039231354569719575,0.7446523287688961,dtlz4
275,0.0003915074087885869,0.0003915074087885869,0.7446552673225328,dtlz4
276,0.000391470129639485,0.000391470129639485,0.7446557749900801,dtlz4
277,0.0003913105299272805,0.0003913105299272805,0.7446548792600357,dtlz4
278,0.00038519468455951785,0.00038519468455951785,0.744656289588105,dtlz4
279,0.00037724879376257564,0.00037724879376257564,0.7446511567512941,dtlz4
280,0.0003769485623375073,0.0003769485623375073,0.7446505130088404,dtlz4
281,0.00037100158752392413,0.00037100158752392413,0.7446516729865374,dtlz4
282,0.00037086223218012854,0.00037086223218012854,0.7446536587249806,dtlz4
283,0.00036961371708634443,0.00036961371708634443,0.744656350813031,dtlz4
284,0.00036835161723102166,0.00036835161723102166,0.7446616871679916,dtlz4
285,0.0003648824709168241,0.0003648824709168241,0.744664439873127,dtlz4
286,0.0003647899153887411,0.0003647899153887411,0.7446660425354729,dtlz4
287,0.0003578124701436816,0.0003578124701436816,0.7446818331786659,dtlz4
288,0.00035738829801885687,0.00035738829801885687,0.7446777586149966,dtlz4
289,0.0003573866662309725,0.0003573866662309725,0.7446778185422216,dtlz4
290,0.0003369080369947076,0.0003369080369947076,0.7446978471744764,dtlz4
291,0.0003369076324642688,0.0003369076324642688,0.744697887121569,dtlz4
292,0.00033646061442893537,0.00033646061442893537,0.7446987889068037,dtlz4
293,0.0003349730785249991,0.0003349730785249991,0.7446936963291502,dtlz4
294,0.0003346543139212456,0.0003346543139212456,0.7446943605548179,dtlz4
295,0.0003314255282793519,0.0003314255282793519,0.7446968452417477,dtlz4
296,0.00032714088002198954,0.00032714088002198954,0.7446987383167416,dtlz4
297,0.0003270160785932168,0.0003270160785932168,0.7446997128752475,dtlz4
298,0.00032679691826175474,0.00032679691826175474,0.7447002032497405,dtlz4
299,0.00032625154256217575,0.00032625154256217575,0.7447009949370434,dtlz4
300,0.00032508490210339573,0.00032508490210339573,0.7447005288454661,dtlz4
301,0.0003249026501759841,0.0003249026501759841,0.7447026048881535,dtlz4
302,0.0003194601788925116,0.0003194601788925116,0.744704106138836,dtlz4
303,0.0003194000847887867,0.0003194000847887867,0.744704262300456,dtlz4
304,0.00031865638466105497,0.00031865638466105497,0.7447057553521127,dtlz4
305,0.00031853855832175606,0.00031853855832175606,0.7446887160075676,dtlz4
306,0.00031256505706993867,0.00031256505706993867,0.744688511371867,dtlz4
307,0.00031219612936097093,0.00031219612936097093,0.7446927631803587,dtlz4
308,0.0002853518093883769,0.0002853518093883769,0.7447514804278166,dtlz4
309,0.0002853081306397191,0.0002853081306397191,0.7447519374947328,dtlz4
310,0.0002995800595597406,0.0002995800595597406,0.7447062609026031,dtlz4
311,0.0002982480269493558,0.0002982480269493558,0.744708017595636,dtlz4
312,0.0002927819897965863,0.0002927819897965863,0.7447092067381872,dtlz4
313,0.00028504494439255854,0.00028504494439255854,0.7447170575106414,dtlz4
314,0.00028408214773446963,0.00028408214773446963,0.7447175542319721,dtlz4
315,0.0002838751803975973,0.0002838751803975973,0.7447173597494513,dtlz4
316,0.00028371596718816075,0.00028371596718816075,0.7447181518156702,dtlz4
317,0.00028331727715261086,0.00028331727715261086,0.7447185313755948,dtlz4
318,0.00028281556031282566,0.00028281556031282566,0.7447200648380418,dtlz4
319,0.0002827940808458996,0.0002827940808458996,0.7447210165282233,dtlz4
320,0.0002823297624941089,0.0002823297624941089,0.7447224865772537,dtlz4
321,0.00028221139753517994,0.00028221139753517994,0.7447229310360697,dtlz4
322,0.0002817730329484538,0.0002817730329484538,0.7447239882287464,dtlz4
323,0.00028176664324836877,0.00028176664324836877,0.7447241934060375,dtlz4
324,0.0002817304128100633,0.0002817304128100633,0.7447252719176918,dtlz4
325,0.00027930290633551265,0.00027930290633551265,0.744732529612369,dtlz4
326,0.0002792337498500476,0.0002792337498500476,0.7447327738123369,dtlz4
327,0.0002789713704272385,0.0002789713704272385,0.7447341927087427,dtlz4
328,0.000278072192514867,0.000278072192514867,0.7447349641696068,dtlz4
329,0.0002683414725829842,0.0002683414725829842,0.7447540852742974,dtlz4
330,0.00026833622999866046,0.00026833622999866046,0.744754299486518,dtlz4
331,0.00026833011808664685,0.00026833011808664685,0.7447543511263943,dtlz4
332,0.0002677879741800684,0.0002677879741800684,0.7447555647757637,dtlz4
333,0.0002658632327761719,0.0002658632327761719,0.7447559123710751,dtlz4
334,0.00026561656038477573,0.00026561656038477573,0.744756778748132,dtlz4
335,0.0002646150414818447,0.0002646150414818447,0.7447584025638865,dtlz4
336,0.00026436921255998977,0.00026436921255998977,0.7447590925588621,dtlz4
337,0.0002643453662251357,0.0002643453662251357,0.744759387804122,dtlz4
338,0.00026344351962336683,0.00026344351962336683,0.7447612533309351,dtlz4
339,0.00026339727879823294,0.00026339727879823294,0.7447623771430524,dtlz4
340,0.0002633881781748971,0.0002633881781748971,0.7447625887432536,dtlz4
341,0.0002633832902664967,0.0002633832902664967,0.7447626371229892,dtlz4
342,0.000263356516227236,0.000263356516227236,0.7447627865053722,dtlz4
343,0.00024023534947391288,0.00024023534947391288,0.7448151168943449,dtlz4
344,0.00024023087200596984,0.00024023087200596984,0.744815192239322,dtlz4
345,0.00023353714863942246,0.00023353714863942246,0.7448176240877283,dtlz4
346,0.0002330927759550144,0.0002330927759550144,0.7448197845379858,dtlz4
347,0.00023299849634967598,0.00023299849634967598,0.7448204737546303,dtlz4
348,0.00023205621516179733,0.00023205621516179733,0.7448219221586542,dtlz4
349,0.00023452747837055286,0.00023452747837055286,0.7448057018323903,dtlz4
350,0.00023255754815346832,0.00023255754815346832,0.7448058876998428,dtlz4
351,0.0002293841663624484,0.0002293841663624484,0.7448026387773858,dtlz4
352,0.00022938174836083355,0.00022938174836083355,0.7448026868357531,dtlz4
353,0.00022762564310248827,0.00022762564310248827,0.7448074186924005,dtlz4
354,0.00022761997551552237,0.00022761997551552237,0.7448075924370686,dtlz4
355,0.00022452852200043367,0.00022452852200043367,0.7448072127594383,dtlz4
356,0.00022180501075805853,0.00022180501075805853,0.7448087373007134,dtlz4
357,0.00022179220976589452,0.00022179220976589452,0.7448087076277139,dtlz4
358,0.00022178393617828767,0.00022178393617828767,0.7448089393118309,dtlz4
359,0.0002217732083680925,0.0002217732083680925,0.7448090760956907,dtlz4
360,0.00022150871707341815,0.00022150871707341815,0.7448090763024484,dtlz4
361,0.00022143251415247377,0.00022143251415247377,0.7448096908405002,dtlz4
362,0.0002115107744929576,0.0002115107744929576,0.7448265215735761,dtlz4
363,0.00021150274341230513,0.00021150274341230513,0.7448268127091114,dtlz4
364,0.00021148310061328338,0.00021148310061328338,0.7448271036884697,dtlz4
365,0.00021146347131611204,0.00021146347131611204,0.7448277625691754,dtlz4
366,0.00021003228343799023,0.00021003228343799023,0.7448283245136156,dtlz4
367,0.00020437876235221135,0.00020437876235221135,0.744828265494905,dtlz4
368,0.00020126515374284008,0.00020126515374284008,0.7448283464681023,dtlz4
369,0.00020113879746899447,0.00020113879746899447,0.7448298222345393,dtlz4
370,0.00020110020286544743,0.00020110020286544743,0.7448302364313533,dtlz4
371,0.00019906249614876933,0.00019906249614876933,0.7448293576153918,dtlz4
372,0.00019905550408944595,0.00019905550408944595,0.744829446915358,dtlz4
373,0.00019903552440800405,0.00019903552440800405,0.7448305215584635,dtlz4
374,0.00019902973273985795,0.00019902973273985795,0.7448306954560068,dtlz4
375,0.000199019571526876,0.000199019571526876,0.744830829695457,dtlz4
376,0.00019892008562815038,0.00019892008562815038,0.7448311540654831,dtlz4
377,0.00019890340931852604,0.00019890340931852604,0.7448313214825706,dtlz4
378,0.00019202175153203293,0.00019202175153203293,0.744832506446031,dtlz4
379,0.00019200528764681324,0.00019200528764681324,0.7448327082920901,dtlz4
380,0.00019199640364259092,0.00019199640364259092,0.7448329000559164,dtlz4
381,0.00019172517361088978,0.00019172517361088978,0.7448294084628794,dtlz4
382,0.00019128036904017607,0.00019128036904017607,0.744829763664305,dtlz4
383,0.00019127957759018438,0.00019127957759018438,0.744829783105663,dtlz4
384,0.0001912585936893527,0.0001912585936893527,0.7448310633648096,dtlz4
385,0.00019045598804376515,0.00019045598804376515,0.7448311099518755,dtlz4
386,0.00018964845287981692,0.00018964845287981692,0.7448315205442678,dtlz4
387,0.0001896235140332405,0.0001896235140332405,0.7448315979153219,dtlz4
388,0.0001896163298043274,0.0001896163298043274,0.7448316899549707,dtlz4
389,0.00018958835304671274,0.00018958835304671274,0.7448319248152075,dtlz4
390,0.00018886549828637272,0.00018886549828637272,0.7448356618199987,dtlz4
391,0.0001875109456682254,0.0001875109456682254,0.7448357077431718,dtlz4
392,0.00018509124652929147,0.00018509124652929147,0.7448346921521636,dtlz4
393,0.00018507666483092672,0.00018507666483092672,0.7448347433502327,dtlz4
394,0.00018432494154921176,0.00018432494154921176,0.744834871046373,dtlz4
395,0.00018431713023071773,0.00018431713023071773,0.7448349477529903,dtlz4
396,0.00018308237719027288,0.00018308237719027288,0.7448353914104945,dtlz4
397,0.00018307970851540975,0.00018307970851540975,0.7448354809861206,dtlz4
398,0.0001830788060345109,0.0001830788060345109,0.7448355314536993,dtlz4
399,0.00018307298945032614,0.00018307298945032614,0.7448356358689586,dtlz4
400,0.0001818044870661279,0.0001818044870661279,0.744836423817679,dtlz4
401,0.00018089113174728596,0.00018089113174728596,0.7448364842428311,dtlz4
402,0.00018089054684128526,0.00018089054684128526,0.7448365024435766,dtlz4
403,0.0001789077060102282,0.0001789077060102282,0.7448365624776896,dtlz4
404,0.00017688561490642883,0.00017688561490642883,0.7448365887453072,dtlz4
405,0.00017682815315865112,0.00017682815315865112,0.7448366968712532,dtlz4
406,0.00017315826065332092,0.00017315826065332092,0.7448371120750168,dtlz4
407,0.0001731539986958346,0.0001731539986958346,0.7448371780994822,dtlz4
408,0.0001731539607436383,0.0001731539607436383,0.7448371865856698,dtlz4
409,0.00017314454012071692,0.00017314454012071692,0.7448374426042939,dtlz4
410,0.00017314128960041475,0.00017314128960041475,0.7448374719982764,dtlz4
411,0.00017122384723733497,0.00017122384723733497,0.7448370194130112,dtlz4
412,0.0001712145288570409,0.0001712145288570409,0.7448372106465078,dtlz4
413,0.0001711747255164506,0.0001711747255164506,0.7448372902086582,dtlz4
414,0.00017108072864054706,0.00017108072864054706,0.744838024506827,dtlz4
415,0.00017061605887348268,0.00017061605887348268,0.7448385447838529,dtlz4
416,0.00017061322881809036,0.00017061322881809036,0.7448387304036701,dtlz4
417,0.00017059058454155972,0.00017059058454155972,0.744833405126703,dtlz4
418,0.00017058833750315124,0.00017058833750315124,0.7448334936255846,dtlz4
419,0.000170586190484128,0.000170586190484128,0.7448335277479118,dtlz4
420,0.00016501301777189638,0.00016501301777189638,0.7448340649049504,dtlz4
421,0.00016501291847200925,0.00016501291847200925,0.7448340729428669,dtlz4
422,0.00016401100401962135,0.00016401100401962135,0.7448339203723143,dtlz4
423,0.00016293502394516924,0.00016293502394516924,0.7448338298441458,dtlz4
424,0.0001624525754779426,0.0001624525754779426,0.7448333283834973,dtlz4
425,0.00016244909379366546,0.00016244909379366546,0.7448333586217776,dtlz4
426,0.00016244898205211616,0.00016244898205211616,0.7448333978564936,dtlz4
427,0.00016056116795676577,0.00016056116795676577,0.7448335340210911,dtlz4
428,0.00016056016836638002,0.00016056016836638002,0.7448335718430933,dtlz4
429,0.00016055695978850582,0.00016055695978850582,0.7448336168588843,dtlz4
430,0.00015900103140810597,0.00015900103140810597,0.7448348142953515,dtlz4
431,0.00015635673340448896,0.00015635673340448896,0.7448348777042961,dtlz4
432,0.00015618911412257773,0.00015618911412257773,0.7448344491238873,dtlz4
433,0.00015618850478337236,0.00015618850478337236,0.7448345095957265,dtlz4
434,0.0001542793875477821,0.0001542793875477821,0.7448414904937025,dtlz4
435,0.00015427820391838304,0.00015427820391838304,0.7448415107108033,dtlz4
436,0.00015363145395040292,0.00015363145395040292,0.7448415651617843,dtlz4
437,0.00015031297558037212,0.00015031297558037212,0.7448416912302266,dtlz4
438,0.000149443702801931,0.000149443702801931,0.7448418053203698,dtlz4
439,0.00014919094605398214,0.00014919094605398214,0.7448424644471563,dtlz4
440,0.0001491909396955928,0.0001491909396955928,0.7448424696427483,dtlz4
441,0.00014919072136653833,0.00014919072136653833,0.7448424880734924,dtlz4
442,0.00014904492108558078,0.00014904492108558078,0.7448427353409539,dtlz4
443,0.00014904434618357508,0.00014904434618357508,0.7448427882126171,dtlz4
444,0.00014904375122417346,0.00014904375122417346,0.7448428426682083,dtlz4
445,0.00014904359429425667,0.00014904359429425667,0.7448428510490483,dtlz4
446,0.00014902142178782303,0.00014902142178782303,0.7448434930461562,dtlz4
447,0.00014659098207503248,0.00014659098207503248,0.7448427253568456,dtlz4
448,0.00014570017645208134,0.00014570017645208134,0.7448435491599935,dtlz4
449,0.0001455447192936624,0.0001455447192936624,0.744843622630876,dtlz4
450,0.0001455444741460621,0.0001455444741460621,0.7448436730398924,dtlz4
451,0.00014554229247955533,0.00014554229247955533,0.7448437638751129,dtlz4
452,0.00014554112217728053,0.00014554112217728053,0.7448438437990605,dtlz4
453,0.00014465290172328051,0.00014465290172328051,0.744843889082435,dtlz4
454,0.00014464335340717534,0.00014464335340717534,0.7448441410585775,dtlz4
455,0.00014464150537627583,0.00014464150537627583,0.7448442268773129,dtlz4
456,0.00014381054919753247,0.00014381054919753247,0.7448445680891139,dtlz4
457,0.00014279565806863588,0.00014279565806863588,0.7448425416051344,dtlz4
458,0.0001427178618520257,0.0001427178618520257,0.7448426538058889,dtlz4
459,0.00014231470973510296,0.00014231470973510296,0.7448427166454417,dtlz4
460,0.00014087170410499505,0.00014087170410499505,0.7448434310729583,dtlz4
461,0.0001408714369935537,0.0001408714369935537,0.7448434655403278,dtlz4
462,0.00014080479370668828,0.00014080479370668828,0.7448398639783392,dtlz4
463,0.00014061926156694337,0.00014061926156694337,0.7448400545751531,dtlz4
464,0.00013985947825549127,0.00013985947825549127,0.7448400662329427,dtlz4
465,0.00013985856238579765,0.00013985856238579765,0.7448401326367576,dtlz4
466,0.00013985469232210627,0.00013985469232210627,0.74484016459746,dtlz4
467,0.00013985450645113474,0.00013985450645113474,0.7448401693554692,dtlz4
468,0.00013791936745885058,0.00013791936745885058,0.744842582009795,dtlz4
469,0.00013791879193416774,0.00013791879193416774,0.7448425942412042,dtlz4
470,0.00013791874188808005,0.00013791874188808005,0.7448426149598812,dtlz4
471,0.00013753904217108187,0.00013753904217108187,0.7448428846050084,dtlz4
472,0.000137536016283962,0.000137536016283962,0.7448429224936602,dtlz4
473,0.000137371344465908,0.000137371344465908,0.744843014459869,dtlz4
474,0.00013734763070242503,0.00013734763070242503,0.7448430157069389,dtlz4
475,0.00013734597456446565,0.00013734597456446565,0.7448430903378215,dtlz4
476,0.00013734589366635834,0.00013734589366635834,0.7448430920174732,dtlz4
477,0.00013734494689810438,0.00013734494689810438,0.7448431262089569,dtlz4
478,0.00013697894497970392,0.00013697894497970392,0.7448428561368784,dtlz4
479,0.00013697691135271988,0.00013697691135271988,0.7448429073207865,dtlz4
480,0.00013505883383085014,0.00013505883383085014,0.7448353616188808,dtlz4
481,0.00013505845899303853,0.00013505845899303853,0.7448353799614862,dtlz4
482,0.00013434936374389072,0.00013434936374389072,0.7448354177491101,dtlz4
483,0.00013427930867739452,0.00013427930867739452,0.7448354302376973,dtlz4
484,0.00013427893528277713,0.00013427893528277713,0.7448354568161643,dtlz4
485,0.00013401759720757194,0.00013401759720757194,0.7448354235584744,dtlz4
486,0.0001340155456749445,0.0001340155456749445,0.7448354788558273,dtlz4
487,0.00013395848168006554,0.00013395848168006554,0.7448356913012808,dtlz4
488,0.000131077048673117,0.000131077048673117,0.7448357052086605,dtlz4
489,0.00013099609938747173,0.00013099609938747173,0.7448357300771673,dtlz4
490,0.00013099609793313958,0.00013099609793313958,0.7448357301855456,dtlz4
491,0.00013099608226036733,0.00013099608226036733,0.7448357308674641,dtlz4
492,0.00013099317643431563,0.00013099317643431563,0.7448358272914679,dtlz4
493,0.00013099293107309172,0.00013099293107309172,0.7448358858928419,dtlz4
494,0.00013099278463830411,0.00013099278463830411,0.7448359043594772,dtlz4
495,0.00013099206536595887,0.00013099206536595887,0.7448359162354623,dtlz4
496,0.0001309920486245097,0.0001309920486245097,0.7448359230310233,dtlz4
497,0.00013081892193793926,0.00013081892193793926,0.7448361451282852,dtlz4
498,0.00013081879754925924,0.00013081879754925924,0.7448361696649046,dtlz4
499,0.00012806077115348847,0.00012806077115348847,0.7448365601290264,dtlz4
500,0.0001280600443069354,0.0001280600443069354,0.7448366043098735,dtlz4
1,,,0.1249091548529374,dtlz5
2,,,0.09826328450041051,dtlz5
3,,,0.14197716872421148,dtlz5
4,,,0.21768498883494175,dtlz5
5,,,0.2473254014544455,dtlz5
6,,,0.27607709767518795,dtlz5
7,,,0.289171712163858,dtlz5
8,,,0.31174014592523897,dtlz5
9,,,0.3222890516488859,dtlz5
10,,,0.3319574052030146,dtlz5
11,,,0.34078821586961155,dtlz5
12,,,0.34487148285965835,dtlz5
13,,,0.35068546380616644,dtlz5
14,,,0.35375374600850024,dtlz5
15,,,0.35494188867528637,dtlz5
16,,,0.3685356228372452,dtlz5
17,,,0.37588421243122566,dtlz5
18,,,0.38043828853647216,dtlz5
19,,,0.38133386986897055,dtlz5
20,,,0.3832668552848489,dtlz5
21,,,0.384869545523476,dtlz5
22,,,0.385288854276405,dtlz5
23,,,0.3883087583437339,dtlz5
24,,,0.39166959713503574,dtlz5
25,,,0.392397193538521,dtlz5
26,,,0.39447093897375385,dtlz5
27,,,0.3954291125250095,dtlz5
28,,,0.3968588965672928,dtlz5
29,,,0.3988121046644815,dtlz5
30,,,0.39766355780533347,dtlz5
31,,,0.3989105837498791,dtlz5
32,,,0.399495378349087,dtlz5
33,,,0.4005765834282106,dtlz5
34,,,0.4047538552970474,dtlz5
35,,,0.40550129247936606,dtlz5
36,,,0.40737768614956366,dtlz5
37,,,0.4077214710553288,dtlz5
38,,,0.4079747053951337,dtlz5
39,,,0.40847706823298713,dtlz5
40,,,0.4089911224145597,dtlz5
41,,,0.4066655141403262,dtlz5
42,,,0.40723253424726,dtlz5
43,,,0.4063381548524021,dtlz5
44,,,0.40730906968535036,dtlz5
45,,,0.40740464182788527,dtlz5
46,,,0.4078343881578108,dtlz5
47,,,0.4078673812722542,dtlz5
48,,,0.40797401276374595,dtlz5
49,,,0.4077149734570777,dtlz5
50,,,0.40774339540049276,dtlz5
51,,,0.4086578509793197,dtlz5
52,,,0.4088196356752073,dtlz5
53,,,0.4090180654621577,dtlz5
54,,,0.40999546329534664,dtlz5
55,,,0.41023027920806937,dtlz5
56,,,0.41039346104785596,dtlz5
57,,,0.4095718554911941,dtlz5
58,,,0.4098677759972403,dtlz5
59,,,0.41029109095652666,dtlz5
60,,,0.41027483144739074,dtlz5
61,,,0.4104123555174206,dtlz5
62,,,0.4103336236965296,dtlz5
63,,,0.41056447130246615,dtlz5
64,,,0.41069317125865923,dtlz5
65,,,0.41286528609729545,dtlz5
66,,,0.412549452512086,dtlz5
67,,,0.412593564661892,dtlz5
68,,,0.4122054864136367,dtlz5
69,,,0.4123905037158791,dtlz5
70,,,0.4122972069998737,dtlz5
71,,,0.41280185093319954,dtlz5
72,,,0.412894132453125,dtlz5
73,,,0.4128747035932823,dtlz5
74,,,0.4127853702583156,dtlz5
75,,,0.41263611789230387,dtlz5
76,,,0.41271804499273557,dtlz5
77,,,0.4126916692724935,dtlz5
78,,,0.4127039418084062,dtlz5
79,,,0.4126195449294264,dtlz5
80,,,0.4131450720837119,dtlz5
81,,,0.413149470999308,dtlz5
82,,,0.41349301601320265,dtlz5
83,,,0.4135443219764724,dtlz5
84,,,0.4136744243377861,dtlz5
85,,,0.41363323112040407,dtlz5
86,,,0.41364468412097877,dtlz5
87,,,0.41384530322117286,dtlz5
88,,,0.41412577075004275,dtlz5
89,,,0.413541165729865,dtlz5
90,,,0.41347707097388764,dtlz5
91,,,0.41364624886653323,dtlz5
92,,,0.4133525418533428,dtlz5
93,,,0.41340169166243956,dtlz5
94,,,0.4134256385663231,dtlz5
95,,,0.41373132967791937,dtlz5
96,,,0.4137087766171099,dtlz5
97,,,0.4136819049088071,dtlz5
98,,,0.41360580634652844,dtlz5
99,,,0.4136083197889563,dtlz5
100,,,0.41360836624345754,dtlz5
101,,,0.413439431328105,dtlz5
102,,,0.41366169427311295,dtlz5
103,,,0.4128464178121427,dtlz5
104,,,0.41299554517932324,dtlz5
105,,,0.4129666559717061,dtlz5
106,,,0.41298497490806296,dtlz5
107,,,0.41379534977947774,dtlz5
108,,,0.4137134696419831,dtlz5
109,,,0.41411466469136193,dtlz5
110,,,0.4142178732586961,dtlz5
111,,,0.4141308078099174,dtlz5
112,,,0.41378306415279287,dtlz5
113,,,0.41367911800898194,dtlz5
114,,,0.4136729733715676,dtlz5
115,,,0.4136593637685576,dtlz5
116,,,0.41333357699331874,dtlz5
117,,,0.4133336663690803,dtlz5
118,,,0.4133978932167417,dtlz5
119,,,0.41352123545927305,dtlz5
120,,,0.4135237236926599,dtlz5
121,,,0.4134035048474038,dtlz5
122,,,0.41336463845631066,dtlz5
123,,,0.41323094687859985,dtlz5
124,,,0.41323437262597873,dtlz5
125,,,0.41345641819998163,dtlz5
126,,,0.41350863241955366,dtlz5
127,,,0.4135092530063468,dtlz5
128,,,0.41350971965266503,dtlz5
129,,,0.41332997261484183,dtlz5
130,,,0.41328214720298434,dtlz5
131,,,0.41305554861418264,dtlz5
132,,,0.41304434160157044,dtlz5
133,,,0.4129691132779111,dtlz5
134,,,0.4129662141682674,dtlz5
135,,,0.41299666810830415,dtlz5
136,,,0.4129802323623065,dtlz5
137,,,0.4129497311661608,dtlz5
138,,,0.41294903490486995,dtlz5
139,,,0.41295275186536917,dtlz5
140,,,0.41298134324105956,dtlz5
141,,,0.41301414534028397,dtlz5
142,,,0.413013932883075,dtlz5
143,,,0.4130143456708895,dtlz5
144,,,0.4130171054251844,dtlz5
145,,,0.413011838415119,dtlz5
146,,,0.413033694263341,dtlz5
147,,,0.4131402844427439,dtlz5
148,,,0.41302320672394344,dtlz5
149,,,0.4130017328020622,dtlz5
150,,,0.41289454698951894,dtlz5
151,,,0.4126873429798313,dtlz5
152,,,0.4127349137464114,dtlz5
153,,,0.41273558929657994,dtlz5
154,,,0.41307374622803317,dtlz5
155,,,0.4131163662338113,dtlz5
156,,,0.41312596601589835,dtlz5
157,,,0.4131383339802005,dtlz5
158,,,0.4131969741416245,dtlz5
159,,,0.41320396838068585,dtlz5
160,,,0.41316404252757755,dtlz5
161,,,0.41304340267062134,dtlz5
162,,,0.4127435503609844,dtlz5
163,,,0.4127428192782395,dtlz5
164,,,0.4127369468854696,dtlz5
165,,,0.4126524220302521,dtlz5
166,,,0.4126540700725937,dtlz5
167,,,0.4126839471668564,dtlz5
168,,,0.41268432557874957,dtlz5
169,,,0.41268896123335413,dtlz5
170,,,0.4126936823432942,dtlz5
171,,,0.41281641127467544,dtlz5
172,,,0.41281686076737756,dtlz5
173,,,0.4127966142144986,dtlz5
174,,,0.4126272171656482,dtlz5
175,,,0.41266729202314234,dtlz5
176,,,0.4126673490428374,dtlz5
177,,,0.41261193347727165,dtlz5
178,,,0.41261230932485127,dtlz5
179,,,0.41262033320801006,dtlz5
180,,,0.41262033320801006,dtlz5
181,,,0.4126257371932369,dtlz5
182,,,0.4126267073961924,dtlz5
183,,,0.41257334291886416,dtlz5
184,,,0.41257346378552556,dtlz5
185,,,0.4125744719115483,dtlz5
186,,,0.41252532468232034,dtlz5
187,,,0.4126387701898244,dtlz5
188,,,0.4125801882134511,dtlz5
189,,,0.4125802135230805,dtlz5
190,,,0.4125089611380766,dtlz5
191,,,0.41250977577600395,dtlz5
192,,,0.41250977577600395,dtlz5
193,,,0.41250798335951777,dtlz5
194,,,0.41249570619560805,dtlz5
195,,,0.41249131528907923,dtlz5
196,,,0.41248778495500704,dtlz5
197,,,0.4125033073683011,dtlz5
198,,,0.4125033940974268,dtlz5
199,,,0.41246765782085293,dtlz5
200,,,0.41246482560608344,dtlz5
201,,,0.41252497515389436,dtlz5
202,,,0.4125257641071423,dtlz5
203,,,0.4125108743360902,dtlz5
204,,,0.41251111725692713,dtlz5
205,,,0.41251111728809897,dtlz5
206,,,0.4124432735824417,dtlz5
207,,,0.41242822401313933,dtlz5
208,,,0.4124125289707491,dtlz5
209,,,0.41241267288705286,dtlz5
210,,,0.41241279930941094,dtlz5
211,,,0.4124126662609643,dtlz5
212,,,0.4124126842979296,dtlz5
213,,,0.4124127281523834,dtlz5
214,,,0.4124258036514516,dtlz5
215,,,0.41242583595350757,dtlz5
216,,,0.41242594360644935,dtlz5
217,,,0.4124261855043341,dtlz5
218,,,0.4124429804383688,dtlz5
219,,,0.41246544258593865,dtlz5
220,,,0.412465456063802,dtlz5
221,,,0.4125737583514449,dtlz5
222,,,0.41257381945408794,dtlz5
223,,,0.41257382130063663,dtlz5
224,,,0.4125778117904324,dtlz5
225,,,0.4125824503132839,dtlz5
226,,,0.4125848692974395,dtlz5
227,,,0.4125845129566609,dtlz5
228,,,0.41256751627904237,dtlz5
229,,,0.41250474034901385,dtlz5
230,,,0.4125047856438495,dtlz5
231,,,0.4125048405988205,dtlz5
232,,,0.41250512174754017,dtlz5
233,,,0.4125144679812082,dtlz5
234,,,0.4123978399893021,dtlz5
235,,,0.4123979070341867,dtlz5
236,,,0.41239449717303067,dtlz5
237,,,0.4124316963647172,dtlz5
238,,,0.4124317522348711,dtlz5
239,,,0.4124317920891891,dtlz5
240,,,0.4124317921783181,dtlz5
241,,,0.4124292548345609,dtlz5
242,,,0.4124292600316674,dtlz5
243,,,0.41243267690917473,dtlz5
244,,,0.41243267849933934,dtlz5
245,,,0.4124326848348906,dtlz5
246,,,0.41243276526389944,dtlz5
247,,,0.4124390742520841,dtlz5
248,,,0.41243916469042,dtlz5
249,,,0.4124392065317692,dtlz5
250,,,0.4124356874093365,dtlz5
251,,,0.4124356874093365,dtlz5
252,,,0.4124356825309789,dtlz5
253,,,0.4124268857621738,dtlz5
254,,,0.4124246121676222,dtlz5
255,,,0.41242794417095807,dtlz5
256,,,0.4124279592917868,dtlz5
257,,,0.4124279978789957,dtlz5
258,,,0.41243202517241856,dtlz5
259,,,0.4124187062582592,dtlz5
260,,,0.4124126004029046,dtlz5
261,,,0.4124126020528007,dtlz5
262,,,0.41241260247715417,dtlz5
263,,,0.4124047039184692,dtlz5
264,,,0.41240477016580523,dtlz5
265,,,0.41240477016580523,dtlz5
266,,,0.4124050003300608,dtlz5
267,,,0.4124050003355578,dtlz5
268,,,0.41240506642997266,dtlz5
269,,,0.41240173899069354,dtlz5
270,,,0.41240173952689313,dtlz5
271,,,0.4124037262071851,dtlz5
272,,,0.4124037268479092,dtlz5
273,,,0.4124037271983491,dtlz5
274,,,0.4124037271983491,dtlz5
275,,,0.4124081617938523,dtlz5
276,,,0.41240816514477796,dtlz5
277,,,0.4124113135391391,dtlz5
278,,,0.4124113081555301,dtlz5
279,,,0.4124113293510411,dtlz5
280,,,0.41241135832989917,dtlz5
281,,,0.41241463451825544,dtlz5
282,,,0.41241463637130527,dtlz5
283,,,0.41241050516896066,dtlz5
284,,,0.4124316486173354,dtlz5
285,,,0.412420302185445,dtlz5
286,,,0.4124203315478939,dtlz5
287,,,0.41242033178356724,dtlz5
288,,,0.41241935231145543,dtlz5
289,,,0.4124162580977787,dtlz5
290,,,0.41241655442542513,dtlz5
291,,,0.4124165709890452,dtlz5
292,,,0.4124165930783358,dtlz5
293,,,0.41241662879516117,dtlz5
294,,,0.41241662966583736,dtlz5
295,,,0.41241670780133477,dtlz5
296,,,0.41240729613686633,dtlz5
297,,,0.4124072965994934,dtlz5
298,,,0.412407297879859,dtlz5
299,,,0.4124073249563326,dtlz5
300,,,0.4124032137962417,dtlz5
301,,,0.41241765154218746,dtlz5
302,,,0.4124176900944184,dtlz5
303,,,0.4124176597782174,dtlz5
304,,,0.41241924954819187,dtlz5
305,,,0.4124192503157834,dtlz5
306,,,0.4124111189167621,dtlz5
307,,,0.41241114275803514,dtlz5
308,,,0.4124112144794456,dtlz5
309,,,0.4124112488042743,dtlz5
310,,,0.4124112488042743,dtlz5
311,,,0.41241132504076455,dtlz5
312,,,0.41241132526606133,dtlz5
313,,,0.4124113257286018,dtlz5
314,,,0.41241130185224023,dtlz5
315,,,0.41243114380474843,dtlz5
316,,,0.41243137828670823,dtlz5
317,,,0.4124314687321983,dtlz5
318,,,0.41243215272716427,dtlz5
319,,,0.4124151186038414,dtlz5
320,,,0.4124151320462913,dtlz5
321,,,0.41241513284926623,dtlz5
322,,,0.41241514087801623,dtlz5
323,,,0.41241527914326404,dtlz5
324,,,0.41242347968777293,dtlz5
325,,,0.41242348300650117,dtlz5
326,,,0.4124234835594562,dtlz5
327,,,0.41244928443347434,dtlz5
328,,,0.4124492928747634,dtlz5
329,,,0.4124235306874573,dtlz5
330,,,0.41242353161969847,dtlz5
331,,,0.4124239216500219,dtlz5
332,,,0.4124042486522224,dtlz5
333,,,0.41240424988011526,dtlz5
334,,,0.4124042499885433,dtlz5
335,,,0.4124042611632969,dtlz5
336,,,0.41240754400647917,dtlz5
337,,,0.4124075616784917,dtlz5
338,,,0.4124075651407272,dtlz5
339,,,0.41240756710855575,dtlz5
340,,,0.4124075672690948,dtlz5
341,,,0.41238640965062634,dtlz5
342,,,0.41238641127827547,dtlz5
343,,,0.4123864136745975,dtlz5
344,,,0.4123864228010632,dtlz5
345,,,0.4123864498893497,dtlz5
346,,,0.4123864543432698,dtlz5
347,,,0.4123864738948552,dtlz5
348,,,0.4123818581325993,dtlz5
349,,,0.41238955520738874,dtlz5
350,,,0.4123895673477739,dtlz5
351,,,0.41238956733463245,dtlz5
352,,,0.4123895684117091,dtlz5
353,,,0.41238961340320424,dtlz5
354,,,0.41238966826498724,dtlz5
355,,,0.41238966826498724,dtlz5
356,,,0.4123896683571897,dtlz5
357,,,0.41238968185448477,dtlz5
358,,,0.4123897120383099,dtlz5
359,,,0.41238548608114245,dtlz5
360,,,0.4123828032672774,dtlz5
361,,,0.4123828032672774,dtlz5
362,,,0.41238315182090535,dtlz5
363,,,0.41238315421520544,dtlz5
364,,,0.4123854923303161,dtlz5
365,,,0.4124208744948306,dtlz5
366,,,0.41242091845322854,dtlz5
367,,,0.41242091874932696,dtlz5
368,,,0.4124209319346138,dtlz5
369,,,0.4124209359116672,dtlz5
370,,,0.4124209851282763,dtlz5
371,,,0.41241767258611695,dtlz5
372,,,0.4124176733212237,dtlz5
373,,,0.4124176913213967,dtlz5
374,,,0.4124189448865334,dtlz5
375,,,0.4124191637746325,dtlz5
376,,,0.4124191805316273,dtlz5
377,,,0.4124191683274675,dtlz5
378,,,0.4124191783240359,dtlz5
379,,,0.4124191963766102,dtlz5
380,,,0.4124191963922831,dtlz5
381,,,0.41241919639553226,dtlz5
382,,,0.4124192000164316,dtlz5
383,,,0.41241920385066333,dtlz5
384,,,0.41241945934143875,dtlz5
385,,,0.41241945934143875,dtlz5
386,,,0.4124194769674172,dtlz5
387,,,0.4124194332126536,dtlz5
388,,,0.4124194338987885,dtlz5
389,,,0.4124194340180231,dtlz5
390,,,0.4124194340180231,dtlz5
391,,,0.4124194340633126,dtlz5
392,,,0.41241943429624417,dtlz5
393,,,0.41241943571582085,dtlz5
394,,,0.41245648162877696,dtlz5
395,,,0.4124564817176172,dtlz5
396,,,0.4124564817176172,dtlz5
397,,,0.41245648180161476,dtlz5
398,,,0.41245648230280185,dtlz5
399,,,0.4124563510590543,dtlz5
400,,,0.41245638850309807,dtlz5
401,,,0.41245638892184194,dtlz5
402,,,0.41245638892184194,dtlz5
403,,,0.4124490783427273,dtlz5
404,,,0.4124490817615012,dtlz5
405,,,0.41244908176985956,dtlz5
406,,,0.412449082025614,dtlz5
407,,,0.4124490830457948,dtlz5
408,,,0.4124490851797879,dtlz5
409,,,0.41244909604043545,dtlz5
410,,,0.412449111176713,dtlz5
411,,,0.41246136371069986,dtlz5
412,,,0.4124612722001349,dtlz5
413,,,0.4124612723498207,dtlz5
414,,,0.4124612732723336,dtlz5
415,,,0.4124612732845525,dtlz5
416,,,0.4124612732814955,dtlz5
417,,,0.41245973084360477,dtlz5
418,,,0.41245419646410764,dtlz5
419,,,0.4124542080666421,dtlz5
420,,,0.4124542088719636,dtlz5
421,,,0.41245422660918135,dtlz5
422,,,0.4124233704827534,dtlz5
423,,,0.41242337080471647,dtlz5
424,,,0.4124233716259269,dtlz5
425,,,0.412423373168577,dtlz5
426,,,0.41242337357767056,dtlz5
427,,,0.41242337406976914,dtlz5
428,,,0.4124234054641991,dtlz5
429,,,0.41242340547834155,dtlz5
430,,,0.4124234055243139,dtlz5
431,,,0.41242340758623686,dtlz5
432,,,0.4124276842444944,dtlz5
433,,,0.41242768432280785,dtlz5
434,,,0.41242768432280785,dtlz5
435,,,0.41242768450742484,dtlz5
436,,,0.41242768475032876,dtlz5
437,,,0.4124276870788143,dtlz5
438,,,0.41244178630086115,dtlz5
439,,,0.4124417865754706,dtlz5
440,,,0.4124417866666621,dtlz5
441,,,0.41243927876557396,dtlz5
442,,,0.4124392790933661,dtlz5
443,,,0.4124392815190954,dtlz5
444,,,0.4124392815191575,dtlz5
445,,,0.4124436999251508,dtlz5
446,,,0.4124437003769751,dtlz5
447,,,0.4124437007306678,dtlz5
448,,,0.41244370241889733,dtlz5
449,,,0.4124421870019813,dtlz5
450,,,0.41244385285538354,dtlz5
451,,,0.41244385633287795,dtlz5
452,,,0.41244386014287604,dtlz5
453,,,0.412443860211819,dtlz5
454,,,0.4124392685492171,dtlz5
455,,,0.41243926892615224,dtlz5
456,,,0.4124392689374491,dtlz5
457,,,0.4124392690382292,dtlz5
458,,,0.41243926907049827,dtlz5
459,,,0.4124392694818819,dtlz5
460,,,0.4124474705920643,dtlz5
461,,,0.4124305768300389,dtlz5
462,,,0.41243057712711095,dtlz5
463,,,0.41243057960529805,dtlz5
464,,,0.4124305831440708,dtlz5
465,,,0.4124305834100819,dtlz5
466,,,0.41243058633347796,dtlz5
467,,,0.41243058668984556,dtlz5
468,,,0.4124305871687484,dtlz5
469,,,0.4124305899827417,dtlz5
470,,,0.412430904692267,dtlz5
471,,,0.41243090472387584,dtlz5
472,,,0.41243090488639933,dtlz5
473,,,0.41243091417969124,dtlz5
474,,,0.41243091417969124,dtlz5
475,,,0.41243091417969124,dtlz5
476,,,0.4124309142285,dtlz5
477,,,0.41243092489334954,dtlz5
478,,,0.41243092951090904,dtlz5
479,,,0.4124305608114085,dtlz5
480,,,0.41243056437789216,dtlz5
481,,,0.41243056820272,dtlz5
482,,,0.4124305696684174,dtlz5
483,,,0.4124305700444282,dtlz5
484,,,0.41243057005298833,dtlz5
485,,,0.4124305700530967,dtlz5
486,,,0.412430570634288,dtlz5
487,,,0.41243057163485985,dtlz5
488,,,0.41243057169262165,dtlz5
489,,,0.4124355023064451,dtlz5
490,,,0.4124355041185671,dtlz5
491,,,0.41243550422502184,dtlz5
492,,,0.4124468300935179,dtlz5
493,,,0.41244683050298514,dtlz5
494,,,0.4124468306088973,dtlz5
495,,,0.4124468306323845,dtlz5
496,,,0.4124468306361797,dtlz5
497,,,0.412438210736772,dtlz5
498,,,0.4124382132889507,dtlz5
499,,,0.41243821329042285,dtlz5
500,,,0.4124383074426117,dtlz5
1,,,0.0,dtlz6
2,,,0.0,dtlz6
3,,,0.0,dtlz6
4,,,0.0,dtlz6
5,,,0.0,dtlz6
6,,,0.0,dtlz6
7,,,0.0,dtlz6
8,,,0.0,dtlz6
9,,,0.0,dtlz6
10,,,0.0,dtlz6
11,,,0.0,dtlz6
12,,,0.0,dtlz6
13,,,0.0,dtlz6
14,,,0.0,dtlz6
15,,,0.0,dtlz6
16,,,0.0,dtlz6
17,,,0.0,dtlz6
18,,,0.0,dtlz6
19,,,0.0,dtlz6
20,,,0.0,dtlz6
21,,,0.0,dtlz6
22,,,0.0,dtlz6
23,,,0.0,dtlz6
24,,,0.0,dtlz6
25,,,0.0,dtlz6
26,,,0.0,dtlz6
27,,,0.0,dtlz6
28,,,0.0,dtlz6
29,,,0.0,dtlz6
30,,,0.0,dtlz6
31,,,0.0,dtlz6
32,,,0.0,dtlz6
33,,,0.0,dtlz6
34,,,0.0,dtlz6
35,,,0.0,dtlz6
36,,,0.0,dtlz6
37,,,0.0,dtlz6
38,,,0.0,dtlz6
39,,,0.0,dtlz6
40,,,0.0,dtlz6
41,,,0.0,dtlz6
42,,,0.0,dtlz6
43,,,0.0,dtlz6
44,,,0.0,dtlz6
45,,,0.0,dtlz6
46,,,0.0,dtlz6
47,,,0.0,dtlz6
48,,,0.0,dtlz6
49,,,0.0,dtlz6
50,,,0.0,dtlz6
51,,,0.0,dtlz6
52,,,0.0,dtlz6
53,,,0.0,dtlz6
54,,,0.0,dtlz6
55,,,0.0,dtlz6
56,,,0.0,dtlz6
57,,,0.0,dtlz6
58,,,0.0,dtlz6
59,,,0.0,dtlz6
60,,,0.0,dtlz6
61,,,0.0,dtlz6
62,,,0.0,dtlz6
63,,,0.0,dtlz6
64,,,0.0,dtlz6
65,,,0.0,dtlz6
66,,,0.0,dtlz6
67,,,0.0,dtlz6
68,,,0.0,dtlz6
69,,,0.0,dtlz6
70,,,0.0,dtlz6
71,,,0.0,dtlz6
72,,,0.0,dtlz6
73,,,0.0,dtlz6
74,,,0.0,dtlz6
75,,,0.0,dtlz6
76,,,0.0,dtlz6
77,,,0.0,dtlz6
78,,,0.0,dtlz6
79,,,0.0,dtlz6
80,,,0.0,dtlz6
81,,,0.0,dtlz6
82,,,0.0,dtlz6
83,,,0.0,dtlz6
84,,,0.0,dtlz6
85,,,0.0,dtlz6
86,,,0.0,dtlz6
87,,,0.0,dtlz6
88,,,0.0,dtlz6
89,,,0.0,dtlz6
90,,,0.0,dtlz6
91,,,0.0,dtlz6
92,,,0.0,dtlz6
93,,,0.0,dtlz6
94,,,0.0,dtlz6
95,,,0.0,dtlz6
96,,,0.0,dtlz6
97,,,0.0,dtlz6
98,,,0.0,dtlz6
99,,,0.0,dtlz6
100,,,0.0,dtlz6
101,,,0.0,dtlz6
102,,,0.0,dtlz6
103,,,0.0,dtlz6
104,,,0.0,dtlz6
105,,,0.0,dtlz6
106,,,0.0,dtlz6
107,,,0.0,dtlz6
108,,,0.0,dtlz6
109,,,0.0,dtlz6
110,,,0.0,dtlz6
111,,,0.0,dtlz6
112,,,0.0,dtlz6
113,,,0.0,dtlz6
114,,,0.0,dtlz6
115,,,0.0,dtlz6
116,,,0.0,dtlz6
117,,,0.0,dtlz6
118,,,0.0,dtlz6
119,,,0.0,dtlz6
120,,,0.0,dtlz6
121,,,0.0,dtlz6
122,,,0.0,dtlz6
123,,,0.0,dtlz6
124,,,0.0,dtlz6
125,,,0.0,dtlz6
126,,,0.0,dtlz6
127,,,0.0,dtlz6
128,,,0.0,dtlz6
129,,,0.0,dtlz6
130,,,0.0,dtlz6
131,,,0.0,dtlz6
132,,,0.0,dtlz6
133,,,0.0,dtlz6
134,,,0.0,dtlz6
135,,,0.0,dtlz6
136,,,0.0,dtlz6
137,,,0.0,dtlz6
138,,,0.0,dtlz6
139,,,0.0,dtlz6
140,,,0.0,dtlz6
141,,,0.0,dtlz6
142,,,0.0,dtlz6
143,,,0.0,dtlz6
144,,,0.0,dtlz6
145,,,0.0,dtlz6
146,,,0.0,dtlz6
147,,,0.0,dtlz6
148,,,0.0,dtlz6
149,,,0.0,dtlz6
150,,,0.0,dtlz6
151,,,0.0,dtlz6
152,,,0.0,dtlz6
153,,,0.0,dtlz6
154,,,0.0,dtlz6
155,,,0.0,dtlz6
156,,,0.0,dtlz6
157,,,0.0,dtlz6
158,,,0.0,dtlz6
159,,,0.0,dtlz6
160,,,0.0,dtlz6
161,,,0.0,dtlz6
162,,,0.0,dtlz6
163,,,0.0,dtlz6
164,,,0.0,dtlz6
165,,,0.0,dtlz6
166,,,0.0,dtlz6
167,,,0.0,dtlz6
168,,,0.0,dtlz6
169,,,0.0,dtlz6
170,,,0.0,dtlz6
171,,,0.0,dtlz6
172,,,0.0,dtlz6
173,,,0.0,dtlz6
174,,,0.0,dtlz6
175,,,0.0,dtlz6
176,,,0.0,dtlz6
177,,,0.0,dtlz6
178,,,0.0,dtlz6
179,,,0.0,dtlz6
180,,,0.0,dtlz6
181,,,0.0,dtlz6
182,,,0.0,dtlz6
183,,,0.0,dtlz6
184,,,0.0,dtlz6
185,,,0.0,dtlz6
186,,,0.0,dtlz6
187,,,0.0,dtlz6
188,,,0.0,dtlz6
189,,,0.0,dtlz6
190,,,0.0,dtlz6
191,,,0.0,dtlz6
192,,,0.0,dtlz6
193,,,0.0,dtlz6
194,,,0.0,dtlz6
195,,,0.0,dtlz6
196,,,0.0,dtlz6
197,,,0.0,dtlz6
198,,,0.0,dtlz6
199,,,0.0,dtlz6
200,,,0.0,dtlz6
201,,,0.0,dtlz6
202,,,0.0,dtlz6
203,,,0.0,dtlz6
204,,,0.0021402663114552674,dtlz6
205,,,0.0021402663114552674,dtlz6
206,,,0.0021402663114552674,dtlz6
207,,,0.002412097780981744,dtlz6
208,,,0.002412097780981744,dtlz6
209,,,0.002412097780981744,dtlz6
210,,,0.002412097780981744,dtlz6
211,,,0.002412097780981744,dtlz6
212,,,0.002412097780981744,dtlz6
213,,,0.002412097780981744,dtlz6
214,,,0.002412097780981744,dtlz6
215,,,0.002412097780981744,dtlz6
216,,,0.002412097780981744,dtlz6
217,,,0.002412097780981744,dtlz6
218,,,0.002412097780981744,dtlz6
219,,,0.002412097780981744,dtlz6
220,,,0.002412097780981744,dtlz6
221,,,0.002412097780981744,dtlz6
222,,,0.002745760063774221,dtlz6
223,,,0.0031709528299188206,dtlz6
224,,,0.0034178118159862714,dtlz6
225,,,0.0034178118159862714,dtlz6
226,,,0.0034178118159862714,dtlz6
227,,,0.004778491935911696,dtlz6
228,,,0.004778491935911696,dtlz6
229,,,0.004778491935911696,dtlz6
230,,,0.004778491935911696,dtlz6
231,,,0.004778491935911696,dtlz6
232,,,0.004778491935911696,dtlz6
233,,,0.0024599140245625765,dtlz6
234,,,0.0024599140245625765,dtlz6
235,,,0.0024599140245625765,dtlz6
236,,,0.006630396097585508,dtlz6
237,,,0.006630396097585508,dtlz6
238,,,0.008200927686092988,dtlz6
239,,,0.008200927686092988,dtlz6
240,,,0.008261387145460191,dtlz6
241,,,0.008261387145460191,dtlz6
242,,,0.008261387145460191,dtlz6
243,,,0.008199451156191423,dtlz6
244,,,0.012450146774940045,dtlz6
245,,,0.012450146774940045,dtlz6
246,,,0.013442067207109392,dtlz6
247,,,0.014897127245212593,dtlz6
248,,,0.018041436859767827,dtlz6
249,,,0.020305459095340827,dtlz6
250,,,0.02240433147009542,dtlz6
251,,,0.023307798511725125,dtlz6
252,,,0.02753913897835536,dtlz6
253,,,0.028658013551785412,dtlz6
254,,,0.030235015425347192,dtlz6
255,,,0.030537673974135877,dtlz6
256,,,0.032608731933437766,dtlz6
257,,,0.034342005189757434,dtlz6
258,,,0.035931565735352264,dtlz6
259,,,0.0378462148655989,dtlz6
260,,,0.03950309188853725,dtlz6
261,,,0.044646804329918986,dtlz6
262,,,0.044751487302684266,dtlz6
263,,,0.04561119933186882,dtlz6
264,,,0.04611276493908564,dtlz6
265,,,0.04674624575192368,dtlz6
266,,,0.04672655387761774,dtlz6
267,,,0.04692638210894735,dtlz6
268,,,0.04832427268569063,dtlz6
269,,,0.04929595444194641,dtlz6
270,,,0.05134885673460413,dtlz6
271,,,0.05421279244840302,dtlz6
272,,,0.055615950993647786,dtlz6
273,,,0.06681742284664974,dtlz6
274,,,0.06795264208091914,dtlz6
275,,,0.07648025542508573,dtlz6
276,,,0.07641299620641069,dtlz6
277,,,0.07770406290371511,dtlz6
278,,,0.08116955145830607,dtlz6
279,,,0.08077515567830669,dtlz6
280,,,0.08837004221356178,dtlz6
281,,,0.09626811167785068,dtlz6
282,,,0.0968631364761349,dtlz6
283,,,0.09673558884682669,dtlz6
284,,,0.09737093901814806,dtlz6
285,,,0.10087575165954447,dtlz6
286,,,0.10117726576018023,dtlz6
287,,,0.10321317930408014,dtlz6
288,,,0.10852011138292059,dtlz6
289,,,0.10856822082142706,dtlz6
290,,,0.1206769123811057,dtlz6
291,,,0.12121562484960872,dtlz6
292,,,0.12574099211631926,dtlz6
293,,,0.12996425793562577,dtlz6
294,,,0.13066758935423534,dtlz6
295,,,0.13100510769462403,dtlz6
296,,,0.1360111030388844,dtlz6
297,,,0.13636693184325663,dtlz6
298,,,0.13651438314372566,dtlz6
299,,,0.13636651329224422,dtlz6
300,,,0.13840743417422335,dtlz6
301,,,0.1421197053987706,dtlz6
302,,,0.14331124959445135,dtlz6
303,,,0.1440484078486009,dtlz6
304,,,0.14517010628657198,dtlz6
305,,,0.1459363462382328,dtlz6
306,,,0.1506852351749679,dtlz6
307,,,0.15258010602601538,dtlz6
308,,,0.15523887033726222,dtlz6
309,,,0.15571720120935223,dtlz6
310,,,0.1552829964771622,dtlz6
311,,,0.15595872952037898,dtlz6
312,,,0.16042648142633364,dtlz6
313,,,0.1616849223084045,dtlz6
314,,,0.1621177378100839,dtlz6
315,,,0.16364709422183324,dtlz6
316,,,0.16488381245618344,dtlz6
317,,,0.17047130928261964,dtlz6
318,,,0.17073629554263853,dtlz6
319,,,0.17159731984872956,dtlz6
320,,,0.17051169340176758,dtlz6
321,,,0.17447748687085562,dtlz6
322,,,0.17423611906631775,dtlz6
323,,,0.17779440808144048,dtlz6
324,,,0.18000312507499092,dtlz6
325,,,0.18332016489399564,dtlz6
326,,,0.18282376541969292,dtlz6
327,,,0.18984960156686684,dtlz6
328,,,0.19182069421512266,dtlz6
329,,,0.19282128253230074,dtlz6
330,,,0.19335890752586532,dtlz6
331,,,0.199655644635876,dtlz6
332,,,0.2001247829454991,dtlz6
333,,,0.20362326938063668,dtlz6
334,,,0.20892130028652672,dtlz6
335,,,0.210709218169544,dtlz6
336,,,0.21516721313963275,dtlz6
337,,,0.2151891639748249,dtlz6
338,,,0.21806051179242883,dtlz6
339,,,0.2194886291862377,dtlz6
340,,,0.22206149657719415,dtlz6
341,,,0.22319682455676387,dtlz6
342,,,0.22341074704950853,dtlz6
343,,,0.2259317894920503,dtlz6
344,,,0.22780485546532217,dtlz6
345,,,0.22878111801353432,dtlz6
346,,,0.23188719135811187,dtlz6
347,,,0.2321105301448453,dtlz6
348,,,0.2330463534336895,dtlz6
349,,,0.2369710319276051,dtlz6
350,,,0.2374588029957613,dtlz6
351,,,0.23775581428183648,dtlz6
352,,,0.23879322050499707,dtlz6
353,,,0.23879757754572428,dtlz6
354,,,0.23888058358442393,dtlz6
355,,,0.2390433374268666,dtlz6
356,,,0.24130413456567787,dtlz6
357,,,0.24345629849704303,dtlz6
358,,,0.24341407586718622,dtlz6
359,,,0.24345362010966876,dtlz6
360,,,0.2453282287547432,dtlz6
361,,,0.24547768465969147,dtlz6
362,,,0.24586954022319224,dtlz6
363,,,0.24738789811236794,dtlz6
364,,,0.24779926884128473,dtlz6
365,,,0.24951284378533561,dtlz6
366,,,0.24973235742485753,dtlz6
367,,,0.2501825410241469,dtlz6
368,,,0.2504406256465615,dtlz6
369,,,0.25141842114779855,dtlz6
370,,,0.2522308809571213,dtlz6
371,,,0.25333641413818137,dtlz6
372,,,0.254638700524187,dtlz6
373,,,0.2550163041938451,dtlz6
374,,,0.2548443770675424,dtlz6
375,,,0.25540993449482513,dtlz6
376,,,0.25566995669770287,dtlz6
377,,,0.2569890111692748,dtlz6
378,,,0.2573081290854431,dtlz6
379,,,0.2578232739625666,dtlz6
380,,,0.25703379478164584,dtlz6
381,,,0.25692983596403957,dtlz6
382,,,0.256976628615361,dtlz6
383,,,0.25802319637678717,dtlz6
384,,,0.25933445121649257,dtlz6
385,,,0.25949744179333695,dtlz6
386,,,0.25986219874827626,dtlz6
387,,,0.26135396175996795,dtlz6
388,,,0.26049745334822993,dtlz6
389,,,0.26136400265201504,dtlz6
390,,,0.2618306093307212,dtlz6
391,,,0.2627444735601461,dtlz6
392,,,0.26293126410819817,dtlz6
393,,,0.263073826959171,dtlz6
394,,,0.2630837402836389,dtlz6
395,,,0.2629689960735261,dtlz6
396,,,0.26549020405887164,dtlz6
397,,,0.26633976582642593,dtlz6
398,,,0.26779853210840643,dtlz6
399,,,0.2684911253210616,dtlz6
400,,,0.26892171142820354,dtlz6
401,,,0.26969775377370553,dtlz6
402,,,0.27123373894005826,dtlz6
403,,,0.27204301909126694,dtlz6
404,,,0.2719952283771228,dtlz6
405,,,0.2728743578330262,dtlz6
406,,,0.27295660308254327,dtlz6
407,,,0.2736897264102048,dtlz6
408,,,0.274958327898319,dtlz6
409,,,0.27713281218911007,dtlz6
410,,,0.2776101628171852,dtlz6
411,,,0.27756778929646037,dtlz6
412,,,0.2811231333055208,dtlz6
413,,,0.2794891084610255,dtlz6
414,,,0.2796706894270843,dtlz6
415,,,0.27972759625490506,dtlz6
416,,,0.282723820686188,dtlz6
417,,,0.282724938616832,dtlz6
418,,,0.2836331937532141,dtlz6
419,,,0.28371995329182803,dtlz6
420,,,0.2845667310723187,dtlz6
421,,,0.28491853623728686,dtlz6
422,,,0.2849185364012508,dtlz6
423,,,0.28496322098439075,dtlz6
424,,,0.28548206719034497,dtlz6
425,,,0.28743348413867625,dtlz6
426,,,0.28951878851684065,dtlz6
427,,,0.2895474583012857,dtlz6
428,,,0.29075398909199235,dtlz6
429,,,0.2907453928517393,dtlz6
430,,,0.29098884945014725,dtlz6
431,,,0.29091938181672405,dtlz6
432,,,0.29137509341865625,dtlz6
433,,,0.2921205656680471,dtlz6
434,,,0.29531624020454184,dtlz6
435,,,0.2959691511869961,dtlz6
436,,,0.29663690657332514,dtlz6
437,,,0.29664298080507717,dtlz6
438,,,0.2966998769637689,dtlz6
439,,,0.29621243436143535,dtlz6
440,,,0.2962001395063978,dtlz6
441,,,0.2991074889813208,dtlz6
442,,,0.3003252325315613,dtlz6
443,,,0.3006469215313946,dtlz6
444,,,0.3020995149641637,dtlz6
445,,,0.3050887523110595,dtlz6
446,,,0.3074933794534208,dtlz6
447,,,0.30732216804642953,dtlz6
448,,,0.30775597998233545,dtlz6
449,,,0.3079518867253646,dtlz6
450,,,0.30952909848833465,dtlz6
451,,,0.3116868614557757,dtlz6
452,,,0.31279618636525336,dtlz6
453,,,0.31157562497319957,dtlz6
454,,,0.31157567923216584,dtlz6
455,,,0.3118032245282824,dtlz6
456,,,0.31184543887729504,dtlz6
457,,,0.31153144450374964,dtlz6
458,,,0.3116334686383055,dtlz6
459,,,0.31249778438763537,dtlz6
460,,,0.31279913404713494,dtlz6
461,,,0.31289191556963664,dtlz6
462,,,0.31338580134752037,dtlz6
463,,,0.31338843819359147,dtlz6
464,,,0.316313628075274,dtlz6
465,,,0.3163083384183638,dtlz6
466,,,0.3148675941161997,dtlz6
467,,,0.3149117195448667,dtlz6
468,,,0.3150532043032501,dtlz6
469,,,0.31547336978359447,dtlz6
470,,,0.31549959329223026,dtlz6
471,,,0.31577957583311217,dtlz6
472,,,0.31689088516949493,dtlz6
473,,,0.3169395900261593,dtlz6
474,,,0.31696427992882387,dtlz6
475,,,0.3170554567360695,dtlz6
476,,,0.31705545749263936,dtlz6
477,,,0.31691909420239206,dtlz6
478,,,0.3172863913086978,dtlz6
479,,,0.31711942334813914,dtlz6
480,,,0.31723740090292807,dtlz6
481,,,0.31738804211700206,dtlz6
482,,,0.31738828433473315,dtlz6
483,,,0.317477293385405,dtlz6
484,,,0.31754171616375415,dtlz6
485,,,0.3180266401178587,dtlz6
486,,,0.3180218816993415,dtlz6
487,,,0.3181153310241631,dtlz6
488,,,0.31785219154140826,dtlz6
489,,,0.3180317975200965,dtlz6
490,,,0.3180434186111249,dtlz6
491,,,0.3181727756960756,dtlz6
492,,,0.31905709053752157,dtlz6
493,,,0.31910635780883484,dtlz6
494,,,0.3194215519788827,dtlz6
495,,,0.3194214112771087,dtlz6
496,,,0.3194332446886211,dtlz6
497,,,0.3185141980231935,dtlz6
498,,,0.3184055848222858,dtlz6
499,,,0.31840558651268314,dtlz6
500,,,0.31864467137257957,dtlz6
